,Similar Movies ID
0,"512195,22804"
1,"512195,23168"
2,"512195,13027"
3,"512195,13056"
4,"512195,16617"
5,"585245,12689"
6,"585245,11835"
7,"585245,11850"
8,"585245,13448"
9,"585245,13377"
10,"876716,1639"
11,"876716,2756"
12,"876716,5910"
13,"876716,7555"
14,"876716,439"
15,"877183,15999"
16,"877183,14239"
17,"877183,13934"
18,"877183,13648"
19,"877183,20618"
20,"550988,97"
21,"550988,755"
22,"550988,787"
23,"550988,1902"
24,"550988,1927"
25,"654974,772"
26,"654974,778"
27,"654974,508"
28,"654974,562"
29,"654974,927"
30,"568124,449406"
31,"568124,454640"
32,"568124,508943"
33,"568124,527774"
34,"568124,508439"
35,"459151,9806"
36,"459151,9823"
37,"459151,9836"
38,"459151,9837"
39,"459151,9714"
40,"639721,639721"
41,"639721,11"
42,"639721,12"
43,"639721,13"
44,"639721,18"
45,"589754,589754"
46,"589754,576784"
47,"589754,775"
48,"589754,264038"
49,"589754,742922"
50,"508943,71689"
51,"508943,64678"
52,"508943,75656"
53,"508943,73723"
54,"508943,61979"
55,"451048,62211"
56,"451048,121734"
57,"451048,119698"
58,"451048,130925"
59,"451048,585"
60,"805411,4564"
61,"805411,3933"
62,"805411,6557"
63,"805411,2018"
64,"805411,9339"
65,"871964,8867"
66,"871964,10216"
67,"871964,10424"
68,"871964,11001"
69,"871964,11090"
70,"675445,675445"
71,"675445,472516"
72,"675445,570269"
73,"675445,570273"
74,"675445,585077"
75,"379686,73"
76,"379686,756"
77,"379686,1885"
78,"379686,812"
79,"379686,953"
80,"425909,9806"
81,"425909,9823"
82,"425909,9714"
83,"425909,10040"
84,"425909,18"
85,"762469,13932"
86,"762469,13934"
87,"762469,13955"
88,"762469,13969"
89,"762469,13971"
90,"337404,756"
91,"337404,769"
92,"337404,1949"
93,"337404,1878"
94,"337404,612"
95,"846167,17431"
96,"846167,17445"
97,"846167,17466"
98,"846167,16000"
99,"846167,14830"
100,"772436,11"
101,"772436,13"
102,"772436,18"
103,"772436,22"
104,"772436,24"
105,"885458,13"
106,"885458,35"
107,"885458,75"
108,"885458,747"
109,"885458,760"
110,"529203,843241"
111,"529203,12594"
112,"529203,14128"
113,"529203,14140"
114,"529203,14160"
115,"760747,9705"
116,"760747,9725"
117,"760747,9728"
118,"760747,9730"
119,"760747,9731"
120,"879163,13955"
121,"879163,13969"
122,"879163,13971"
123,"879163,13973"
124,"879163,13989"
125,"726684,1924"
126,"726684,1927"
127,"726684,843"
128,"726684,607"
129,"726684,557"
130,"613098,2907"
131,"613098,2976"
132,"613098,2979"
133,"613098,1621"
134,"613098,1624"
135,"809065,51052"
136,"809065,49012"
137,"809065,49013"
138,"809065,49022"
139,"809065,58651"
140,"785533,876103"
141,"785533,874122"
142,"785533,874157"
143,"785533,874239"
144,"785533,874260"
145,"755812,69735"
146,"755812,71676"
147,"755812,75656"
148,"755812,73935"
149,"755812,76025"
150,"812204,239"
151,"812204,252"
152,"812204,257"
153,"812204,290"
154,"812204,293"
155,"813258,13934"
156,"813258,24480"
157,"813258,10258"
158,"813258,12110"
159,"813258,10577"
160,"711475,58651"
161,"711475,58595"
162,"711475,63710"
163,"711475,64807"
164,"711475,63404"
165,"324857,17445"
166,"324857,15969"
167,"324857,18925"
168,"324857,14830"
169,"324857,14836"
170,"843906,728144"
171,"843906,560066"
172,"843906,522406"
173,"843906,533592"
174,"843906,682254"
175,"354912,12"
176,"354912,15"
177,"354912,22"
178,"354912,69"
179,"354912,87"
180,"641501,810223"
181,"641501,63492"
182,"641501,63311"
183,"641501,65291"
184,"641501,64682"
185,"573164,13932"
186,"573164,13934"
187,"573164,13955"
188,"573164,13969"
189,"573164,13971"
190,"347201,895003"
191,"347201,895006"
192,"347201,75624"
193,"347201,75629"
194,"347201,68555"
195,"887645,15906"
196,"887645,15969"
197,"887645,18937"
198,"887645,14844"
199,"887645,14849"
200,"840756,371370"
201,"840756,367326"
202,"840756,382512"
203,"840756,382517"
204,"840756,382591"
205,"846214,846214"
206,"846214,17414"
207,"846214,32195"
208,"846214,43838"
209,"846214,71068"
210,"587807,15969"
211,"587807,18925"
212,"587807,14836"
213,"587807,22804"
214,"587807,21208"
215,"597316,15016"
216,"597316,15906"
217,"597316,150540"
218,"597316,335360"
219,"597316,201676"
220,"508442,580175"
221,"508442,527774"
222,"508442,534338"
223,"508442,536869"
224,"508442,531509"
225,"729720,201"
226,"729720,217"
227,"729720,218"
228,"729720,232"
229,"729720,239"
230,"852663,106164"
231,"852663,137106"
232,"852663,280217"
233,"852663,382512"
234,"852663,401887"
235,"585083,1267"
236,"585083,950"
237,"585083,953"
238,"585083,2062"
239,"585083,3170"
240,"449406,252"
241,"449406,285"
242,"449406,12"
243,"449406,63"
244,"449406,87"
245,"522478,51052"
246,"522478,49012"
247,"522478,49013"
248,"522478,49017"
249,"522478,49021"
250,"617502,440596"
251,"617502,443463"
252,"617502,376660"
253,"617502,413736"
254,"617502,326359"
255,"680319,70868"
256,"680319,71689"
257,"680319,70587"
258,"680319,71618"
259,"680319,71668"
260,"400160,22794"
261,"400160,14906"
262,"400160,13053"
263,"400160,11224"
264,"400160,12429"
265,"482321,9836"
266,"482321,10022"
267,"482321,73"
268,"482321,11011"
269,"482321,10991"
270,"531219,13932"
271,"531219,12689"
272,"531219,15212"
273,"531219,15283"
274,"531219,11835"
275,"623135,95"
276,"623135,597"
277,"623135,435"
278,"623135,568"
279,"623135,664"
280,"678580,13"
281,"678580,35"
282,"678580,75"
283,"678580,747"
284,"678580,760"
285,"763873,51052"
286,"763873,49012"
287,"763873,49013"
288,"763873,49017"
289,"763873,49022"
290,"550205,1624"
291,"550205,1636"
292,"550205,2486"
293,"550205,7350"
294,"550205,9021"
295,"834404,10715"
296,"834404,9593"
297,"834404,2300"
298,"834404,834404"
299,"834404,843906"
300,"741074,9806"
301,"741074,9837"
302,"741074,9745"
303,"741074,10009"
304,"741074,10020"
305,"857702,51052"
306,"857702,49012"
307,"857702,49013"
308,"857702,49022"
309,"857702,49047"
310,"768744,284274"
311,"768744,286567"
312,"768744,297761"
313,"768744,297762"
314,"768744,290271"
315,"784500,9802"
316,"784500,9804"
317,"784500,9806"
318,"784500,9815"
319,"784500,9816"
320,"293660,13932"
321,"293660,13995"
322,"293660,12556"
323,"293660,13805"
324,"293660,13836"
325,"613583,2330"
326,"613583,2332"
327,"613583,2334"
328,"613583,2335"
329,"613583,1824"
330,"43074,55721"
331,"43074,49521"
332,"43074,49524"
333,"43074,59429"
334,"43074,65086"
335,"532067,49017"
336,"532067,47292"
337,"532067,50253"
338,"532067,42360"
339,"532067,44725"
340,"214756,239"
341,"214756,285"
342,"214756,153"
343,"214756,163"
344,"214756,165"
345,"410113,64328"
346,"410113,65759"
347,"410113,54113"
348,"410113,60405"
349,"410113,54507"
350,"572154,75624"
351,"572154,75629"
352,"572154,73456"
353,"572154,68555"
354,"572154,73245"
355,"98566,65291"
356,"98566,64682"
357,"98566,56292"
358,"98566,59961"
359,"98566,59965"
360,"330457,3170"
361,"330457,1417"
362,"330457,1491"
363,"330457,920"
364,"330457,950"
365,"883648,14844"
366,"883648,14849"
367,"883648,20453"
368,"883648,21956"
369,"883648,21972"
370,"800497,2907"
371,"800497,1620"
372,"800497,1645"
373,"800497,1696"
374,"800497,1700"
375,"8871,772"
376,"8871,778"
377,"8871,792"
378,"8871,1911"
379,"8871,1885"
380,"335797,1267"
381,"335797,950"
382,"335797,953"
383,"335797,2062"
384,"335797,3170"
385,"4564,75656"
386,"4564,73935"
387,"4564,76025"
388,"4564,74725"
389,"4564,61979"
390,"763532,6557"
391,"763532,544"
392,"763532,1824"
393,"763532,5966"
394,"763532,9007"
395,"106646,22824"
396,"106646,22881"
397,"106646,13008"
398,"106646,13078"
399,"106646,15357"
400,"811367,406563"
401,"811367,367326"
402,"811367,401887"
403,"811367,326359"
404,"811367,403052"
405,"585,14836"
406,"585,20453"
407,"585,28178"
408,"585,23521"
409,"585,23168"
410,"18785,1858"
411,"18785,1878"
412,"18785,1613"
413,"18785,1487"
414,"18785,924"
415,"808,197796"
416,"808,168903"
417,"808,185474"
418,"808,166666"
419,"808,192132"
420,"800823,767377"
421,"800823,776503"
422,"800823,796849"
423,"800823,12700"
424,"800823,14197"
425,"774456,594"
426,"774456,1573"
427,"774456,1597"
428,"774456,9532"
429,"774456,1637"
430,"882812,14844"
431,"882812,14849"
432,"882812,20453"
433,"882812,21956"
434,"882812,21972"
435,"454626,71668"
436,"454626,64678"
437,"454626,64688"
438,"454626,75674"
439,"454626,74306"
440,"360920,12"
441,"360920,28"
442,"360920,74"
443,"360920,82"
444,"360920,756"
445,"384018,257"
446,"384018,260"
447,"384018,285"
448,"384018,116"
449,"384018,118"
450,"773660,13955"
451,"773660,13969"
452,"773660,13971"
453,"773660,13973"
454,"773660,13991"
455,"257344,64682"
456,"257344,61012"
457,"257344,60304"
458,"257344,65759"
459,"257344,65055"
460,"383498,1656"
461,"383498,1680"
462,"383498,1685"
463,"383498,1696"
464,"383498,3177"
465,"569094,49026"
466,"569094,49049"
467,"569094,47292"
468,"569094,59387"
469,"569094,39514"
470,"347626,74"
471,"347626,82"
472,"347626,791"
473,"347626,795"
474,"347626,1970"
475,"786705,3170"
476,"786705,4951"
477,"786705,4995"
478,"786705,598"
479,"786705,2105"
480,"479455,58574"
481,"479455,63710"
482,"479455,64688"
483,"479455,56292"
484,"479455,59429"
485,"607259,4141"
486,"607259,2758"
487,"607259,11335"
488,"607259,9339"
489,"607259,6280"
490,"57214,49022"
491,"57214,58232"
492,"57214,40713"
493,"57214,40805"
494,"57214,43923"
495,"654028,772"
496,"654028,809"
497,"654028,508"
498,"654028,558"
499,"654028,559"
500,"653349,12699"
501,"653349,12556"
502,"653349,15212"
503,"653349,11812"
504,"653349,13078"
505,"662237,49021"
506,"662237,49022"
507,"662237,60935"
508,"662237,50270"
509,"662237,51828"
510,"49519,13969"
511,"49519,12689"
512,"49519,12536"
513,"49519,12556"
514,"49519,13805"
515,"301528,14813"
516,"301528,28178"
517,"301528,23521"
518,"301528,22794"
519,"301528,14906"
520,"593910,756"
521,"593910,1833"
522,"593910,812"
523,"593910,621"
524,"593910,433"
525,"826914,927"
526,"826914,948"
527,"826914,2067"
528,"826914,2082"
529,"826914,2662"
530,"75624,47292"
531,"75624,50253"
532,"75624,42360"
533,"75624,44725"
534,"75624,44727"
535,"400155,50619"
536,"400155,50620"
537,"400155,52015"
538,"400155,53985"
539,"400155,57800"
540,"72105,14836"
541,"72105,14883"
542,"72105,28178"
543,"72105,27066"
544,"72105,27022"
545,"425,49013"
546,"425,41630"
547,"425,55721"
548,"425,41513"
549,"425,40807"
550,"38365,49022"
551,"38365,47533"
552,"38365,41630"
553,"38365,40807"
554,"38365,49444"
555,"177572,12"
556,"177572,13"
557,"177572,22"
558,"177572,24"
559,"177572,33"
560,"776909,2330"
561,"776909,2332"
562,"776909,2334"
563,"776909,2335"
564,"776909,1824"
565,"438695,9806"
566,"438695,9836"
567,"438695,9837"
568,"438695,10009"
569,"438695,10020"
570,"45682,2907"
571,"45682,2976"
572,"45682,2979"
573,"45682,1620"
574,"45682,1621"
575,"112679,11918"
576,"112679,12795"
577,"112679,36593"
578,"112679,11891"
579,"112679,11198"
580,"18240,69735"
581,"18240,71668"
582,"18240,64688"
583,"18240,75674"
584,"18240,75174"
585,"50546,1643"
586,"50546,1645"
587,"50546,3784"
588,"50546,1417"
589,"50546,1491"
590,"578908,578908"
591,"578908,531509"
592,"578908,532321"
593,"578908,642208"
594,"578908,537996"
595,"809,2309"
596,"809,1857"
597,"809,1858"
598,"809,1417"
599,"809,1452"
600,"26123,1885"
601,"26123,621"
602,"26123,579"
603,"26123,674"
604,"26123,1391"
605,"727745,227"
606,"727745,235"
607,"727745,238"
608,"727745,252"
609,"727745,257"
610,"677638,180"
611,"677638,18"
612,"677638,773"
613,"677638,1696"
614,"677638,2898"
615,"446893,15906"
616,"446893,15969"
617,"446893,14873"
618,"446893,23566"
619,"446893,27793"
620,"10358,9836"
621,"10358,9705"
622,"10358,10009"
623,"10358,10030"
624,"10358,10048"
625,"43347,116"
626,"43347,13"
627,"43347,18"
628,"43347,38"
629,"43347,796"
630,"35,51052"
631,"35,49012"
632,"35,49013"
633,"35,47931"
634,"35,45657"
635,"615677,1656"
636,"615677,1452"
637,"615677,1487"
638,"615677,1497"
639,"615677,1498"
640,"664236,63"
641,"664236,766"
642,"664236,1954"
643,"664236,816"
644,"664236,817"
645,"118,12"
646,"118,13"
647,"118,14"
648,"118,20"
649,"118,27"
650,"512200,217"
651,"512200,218"
652,"512200,280"
653,"512200,296"
654,"512200,129"
655,"193893,830645"
656,"193893,817451"
657,"193893,64688"
658,"193893,64690"
659,"193893,64328"
660,"2062,58574"
661,"2062,59436"
662,"2062,60747"
663,"2062,57800"
664,"2062,58233"
665,"45243,218"
666,"45243,296"
667,"45243,184"
668,"45243,12"
669,"45243,35"
670,"9637,5175"
671,"9637,3600"
672,"9637,7182"
673,"9637,9737"
674,"9637,10173"
675,"643586,74"
676,"643586,83"
677,"643586,1911"
678,"643586,1933"
679,"643586,806"
680,"893204,70868"
681,"893204,110415"
682,"893204,110420"
683,"893204,601"
684,"893204,659"
685,"109418,49022"
686,"109418,47533"
687,"109418,41630"
688,"109418,40807"
689,"109418,49444"
690,"109439,1452"
691,"109439,2043"
692,"109439,1979"
693,"109439,2502"
694,"109439,2503"
695,"412117,207"
696,"412117,235"
697,"412117,242"
698,"412117,244"
699,"412117,254"
700,"11249,17466"
701,"11249,14869"
702,"11249,22804"
703,"11249,22855"
704,"11249,23202"
705,"5255,72213"
706,"5255,62838"
707,"5255,79113"
708,"5255,310"
709,"5255,364"
710,"41154,12589"
711,"41154,13836"
712,"41154,15512"
713,"41154,15212"
714,"41154,11850"
715,"87428,346685"
716,"87428,370663"
717,"87428,394723"
718,"87428,645710"
719,"87428,492188"
720,"662546,772"
721,"662546,508"
722,"662546,562"
723,"662546,927"
724,"662546,1581"
725,"785516,264660"
726,"785516,740985"
727,"785516,684420"
728,"785516,723072"
729,"785516,792657"
730,"615678,75"
731,"615678,747"
732,"615678,1924"
733,"615678,1927"
734,"615678,808"
735,"8355,244"
736,"8355,254"
737,"8355,106"
738,"8355,189"
739,"8355,12"
740,"76492,51052"
741,"76492,49012"
742,"76492,49013"
743,"76492,49017"
744,"76492,47931"
745,"785539,9836"
746,"785539,9769"
747,"785539,9794"
748,"785539,10030"
749,"785539,10073"
750,"9023,9806"
751,"9023,9837"
752,"9023,10009"
753,"9023,10020"
754,"9023,12"
755,"454699,277"
756,"454699,755"
757,"454699,767"
758,"454699,4513"
759,"454699,2907"
760,"82690,328111"
761,"82690,319888"
762,"82690,335796"
763,"82690,335797"
764,"82690,354912"
765,"607383,2907"
766,"607383,2976"
767,"607383,2979"
768,"607383,1621"
769,"607383,1624"
770,"14849,24"
771,"14849,745"
772,"14849,795"
773,"14849,600"
774,"14849,1367"
775,"739542,2310"
776,"739542,9473"
777,"739542,14239"
778,"739542,15999"
779,"739542,16306"
780,"530079,714194"
781,"530079,698940"
782,"530079,658558"
783,"530079,572154"
784,"530079,567006"
785,"4247,184"
786,"4247,185"
787,"4247,14"
788,"4247,27"
789,"4247,75"
790,"260514,1680"
791,"260514,1696"
792,"260514,3170"
793,"260514,3177"
794,"260514,1452"
795,"159824,12"
796,"159824,22"
797,"159824,58"
798,"159824,59"
799,"159824,62"
800,"225886,1643"
801,"225886,948"
802,"225886,4257"
803,"225886,3933"
804,"225886,3980"
805,"287947,13932"
806,"287947,13995"
807,"287947,12536"
808,"287947,12556"
809,"287947,13805"
810,"10201,65851"
811,"10201,10201"
812,"10201,8467"
813,"10201,59861"
814,"10201,9448"
815,"675353,851281"
816,"675353,1620"
817,"675353,1995"
818,"675353,2114"
819,"675353,2300"
820,"10193,14830"
821,"10193,14836"
822,"10193,14869"
823,"10193,20453"
824,"10193,22824"
825,"291870,12657"
826,"291870,12556"
827,"291870,14144"
828,"291870,11812"
829,"291870,11852"
830,"726739,66125"
831,"726739,62214"
832,"726739,51739"
833,"726739,82703"
834,"726739,78047"
835,"788905,314572"
836,"788905,788905"
837,"788905,588009"
838,"788905,46788"
839,"788905,441875"
840,"270946,12"
841,"270946,18"
842,"270946,24"
843,"270946,33"
844,"270946,59"
845,"16996,14123"
846,"16996,15276"
847,"16996,11824"
848,"16996,11852"
849,"16996,11892"
850,"20222,2330"
851,"20222,2332"
852,"20222,2334"
853,"20222,2335"
854,"20222,1824"
855,"36728,81"
856,"36728,812"
857,"36728,823"
858,"36728,647"
859,"36728,919"
860,"232672,1643"
861,"232672,948"
862,"232672,953"
863,"232672,4257"
864,"232672,3980"
865,"676842,17431"
866,"676842,18925"
867,"676842,18937"
868,"676842,14844"
869,"676842,14849"
870,"41630,9836"
871,"41630,9741"
872,"41630,10009"
873,"41630,10024"
874,"41630,10030"
875,"621870,9806"
876,"621870,9769"
877,"621870,11026"
878,"621870,12092"
879,"621870,11360"
880,"223702,12620"
881,"223702,12699"
882,"223702,13805"
883,"223702,14128"
884,"223702,15283"
885,"496243,1700"
886,"496243,924"
887,"496243,935"
888,"496243,948"
889,"496243,4550"
890,"577242,59387"
891,"577242,46304"
892,"577242,64328"
893,"577242,64688"
894,"577242,89"
895,"576393,12556"
896,"576393,14161"
897,"576393,14164"
898,"576393,13387"
899,"576393,11522"
900,"433422,12599"
901,"433422,15575"
902,"433422,15283"
903,"433422,13313"
904,"433422,13394"
905,"14160,3050"
906,"14160,3170"
907,"14160,1487"
908,"14160,920"
909,"14160,924"
910,"8920,14144"
911,"8920,13186"
912,"8920,13417"
913,"8920,13394"
914,"8920,12092"
915,"272818,17431"
916,"272818,17445"
917,"272818,15906"
918,"272818,15969"
919,"272818,15999"
920,"802504,24"
921,"802504,95"
922,"802504,760"
923,"802504,2018"
924,"802504,4564"
925,"554596,554596"
926,"554596,597856"
927,"554596,615774"
928,"554596,610290"
929,"554596,611408"
930,"49013,51052"
931,"49013,49012"
932,"49013,49013"
933,"49013,49022"
934,"49013,47931"
935,"857910,529414"
936,"857910,792517"
937,"857910,857910"
938,"857910,836487"
939,"857910,822562"
940,"375794,64635"
941,"375794,64639"
942,"375794,68817"
943,"375794,65086"
944,"375794,65754"
945,"481084,2907"
946,"481084,1497"
947,"481084,1498"
948,"481084,1499"
949,"481084,948"
950,"20048,614911"
951,"20048,628534"
952,"20048,532865"
953,"20048,534338"
954,"20048,535167"
955,"734265,12536"
956,"734265,13189"
957,"734265,13474"
958,"734265,13706"
959,"734265,13764"
960,"105965,948"
961,"105965,4257"
962,"105965,3980"
963,"105965,4982"
964,"105965,5176"
965,"11688,98"
966,"11688,1911"
967,"11688,1892"
968,"11688,809"
969,"11688,810"
970,"9948,55"
971,"9948,1927"
972,"9948,530"
973,"9948,924"
974,"9948,1598"
975,"953,1635"
976,"953,1680"
977,"953,3049"
978,"953,3170"
979,"953,3176"
980,"351694,239"
981,"351694,251"
982,"351694,252"
983,"351694,268"
984,"351694,277"
985,"150540,2976"
986,"150540,3050"
987,"150540,3170"
988,"150540,1487"
989,"150540,1497"
990,"269149,382512"
991,"269149,382517"
992,"269149,381719"
993,"269149,328111"
994,"269149,321494"
995,"404368,51052"
996,"404368,49012"
997,"404368,49013"
998,"404368,49018"
999,"404368,47931"
1000,"778814,9766"
1001,"778814,11977"
1002,"778814,13186"
1003,"778814,9472"
1004,"778814,1124"
1005,"594328,1497"
1006,"594328,1498"
1007,"594328,1499"
1008,"594328,953"
1009,"594328,2300"
1010,"9502,9806"
1011,"9502,9823"
1012,"9502,9836"
1013,"9502,9837"
1014,"9502,9705"
1015,"39513,51052"
1016,"39513,49012"
1017,"39513,49013"
1018,"39513,49021"
1019,"39513,47931"
1020,"10192,49013"
1021,"10192,55779"
1022,"10192,41513"
1023,"10192,49444"
1024,"10192,54138"
1025,"23988,383498"
1026,"23988,378236"
1027,"23988,381719"
1028,"23988,363088"
1029,"23988,325358"
1030,"22794,27793"
1031,"22794,22794"
1032,"22794,14906"
1033,"22794,13053"
1034,"22794,11224"
1035,"93456,70435"
1036,"93456,71689"
1037,"93456,71668"
1038,"93456,64635"
1039,"93456,64688"
1040,"37786,55721"
1041,"37786,59860"
1042,"37786,48650"
1043,"37786,71469"
1044,"37786,68734"
1045,"4258,727745"
1046,"4258,643882"
1047,"4258,645856"
1048,"4258,740985"
1049,"4258,567189"
1050,"542178,74513"
1051,"542178,63492"
1052,"542178,65754"
1053,"542178,310"
1054,"542178,350"
1055,"553835,12599"
1056,"553835,14128"
1057,"553835,15575"
1058,"553835,15283"
1059,"553835,13486"
1060,"351819,50270"
1061,"351819,50124"
1062,"351819,44741"
1063,"351819,53932"
1064,"351819,56292"
1065,"19908,64688"
1066,"19908,64690"
1067,"19908,59961"
1068,"19908,59967"
1069,"19908,61012"
1070,"660982,13971"
1071,"660982,13888"
1072,"660982,14123"
1073,"660982,14177"
1074,"660982,14191"
1075,"134374,238"
1076,"134374,240"
1077,"134374,272"
1078,"134374,111"
1079,"134374,12"
1080,"484718,15969"
1081,"484718,14873"
1082,"484718,27793"
1083,"484718,27310"
1084,"484718,28635"
1085,"453071,919"
1086,"453071,9323"
1087,"453071,9606"
1088,"453071,128"
1089,"453071,129"
1090,"77338,51052"
1091,"77338,49012"
1092,"77338,49013"
1093,"77338,47931"
1094,"77338,45657"
1095,"810,51052"
1096,"810,49012"
1097,"810,49013"
1098,"810,49017"
1099,"810,49022"
1100,"621876,49021"
1101,"621876,49022"
1102,"621876,60935"
1103,"621876,50270"
1104,"621876,51828"
1105,"57800,14160"
1106,"57800,15512"
1107,"57800,11836"
1108,"57800,11886"
1109,"57800,13053"
1110,"34544,71668"
1111,"34544,64688"
1112,"34544,75674"
1113,"34544,75174"
1114,"34544,74306"
1115,"950,364689"
1116,"950,378236"
1117,"950,382517"
1118,"950,399360"
1119,"950,400155"
1120,"19840,20453"
1121,"19840,21972"
1122,"19840,26973"
1123,"19840,28178"
1124,"19840,27066"
1125,"721656,51052"
1126,"721656,49022"
1127,"721656,47533"
1128,"721656,41630"
1129,"721656,40807"
1130,"644092,11544"
1131,"644092,12403"
1132,"644092,316023"
1133,"644092,1824"
1134,"644092,676"
1135,"682254,64678"
1136,"682254,61979"
1137,"682254,68718"
1138,"682254,72105"
1139,"682254,62211"
1140,"522931,1620"
1141,"522931,1680"
1142,"522931,1696"
1143,"522931,3177"
1144,"522931,1452"
1145,"228326,49021"
1146,"228326,46853"
1147,"228326,52629"
1148,"228326,59962"
1149,"228326,80389"
1150,"570269,214"
1151,"570269,215"
1152,"570269,241"
1153,"570269,257"
1154,"570269,280"
1155,"136799,49013"
1156,"136799,41513"
1157,"136799,49444"
1158,"136799,73723"
1159,"136799,62177"
1160,"14405,12556"
1161,"14405,13805"
1162,"14405,13836"
1163,"14405,14123"
1164,"14405,14160"
1165,"11430,122"
1166,"11430,163"
1167,"11430,165"
1168,"11430,196"
1169,"11430,772"
1170,"124459,9823"
1171,"124459,298"
1172,"124459,10957"
1173,"124459,12444"
1174,"124459,12445"
1175,"374205,761898"
1176,"374205,820232"
1177,"374205,895003"
1178,"374205,895006"
1179,"374205,768744"
1180,"709629,920"
1181,"709629,953"
1182,"709629,2898"
1183,"709629,510"
1184,"709629,673"
1185,"278154,2924"
1186,"278154,1696"
1187,"278154,3021"
1188,"278154,3131"
1189,"278154,3170"
1190,"38055,9806"
1191,"38055,9823"
1192,"38055,9836"
1193,"38055,9837"
1194,"38055,9711"
1195,"187017,376660"
1196,"187017,454286"
1197,"187017,454626"
1198,"187017,381719"
1199,"187017,412988"
1200,"12153,17466"
1201,"12153,14844"
1202,"12153,22804"
1203,"12153,14289"
1204,"12153,13027"
1205,"11836,364689"
1206,"11836,401469"
1207,"11836,412117"
1208,"11836,454640"
1209,"11836,449406"
1210,"364689,12700"
1211,"364689,12594"
1212,"364689,14128"
1213,"364689,14160"
1214,"364689,14197"
1215,"13971,13971"
1216,"13971,12590"
1217,"13971,13888"
1218,"13971,14123"
1219,"13971,14191"
1220,"10202,554739"
1221,"10202,406429"
1222,"10202,105"
1223,"10202,840"
1224,"10202,8839"
1225,"37834,15999"
1226,"37834,14836"
1227,"37834,22824"
1228,"37834,22881"
1229,"37834,23172"
1230,"647302,11932"
1231,"647302,11359"
1232,"647302,11249"
1233,"647302,10585"
1234,"647302,10193"
1235,"62177,65291"
1236,"62177,51052"
1237,"62177,61012"
1238,"62177,59859"
1239,"62177,65759"
1240,"797394,49021"
1241,"797394,41513"
1242,"797394,68179"
1243,"797394,46304"
1244,"797394,58595"
1245,"44896,1852"
1246,"44896,1865"
1247,"44896,1878"
1248,"44896,1635"
1249,"44896,1656"
1250,"14248,14248"
1251,"14248,14510"
1252,"14248,336843"
1253,"14248,336560"
1254,"14248,320846"
1255,"353486,843241"
1256,"353486,1807"
1257,"353486,1620"
1258,"353486,1452"
1259,"353486,942"
1260,"648964,2105"
1261,"648964,2108"
1262,"648964,2109"
1263,"648964,2114"
1264,"648964,2123"
1265,"390043,64688"
1266,"390043,59961"
1267,"390043,59965"
1268,"390043,59967"
1269,"390043,58857"
1270,"46195,51052"
1271,"46195,49012"
1272,"46195,49013"
1273,"46195,49026"
1274,"46195,47931"
1275,"454640,71668"
1276,"454640,71670"
1277,"454640,73723"
1278,"454640,74997"
1279,"454640,68718"
1280,"454983,63492"
1281,"454983,63311"
1282,"454983,64682"
1283,"454983,64690"
1284,"454983,64328"
1285,"27581,15969"
1286,"27581,18925"
1287,"27581,14836"
1288,"27581,22804"
1289,"27581,22824"
1290,"14306,1633"
1291,"14306,1643"
1292,"14306,1646"
1293,"14306,1669"
1294,"14306,3784"
1295,"38322,17466"
1296,"38322,15969"
1297,"38322,14836"
1298,"38322,14844"
1299,"38322,14873"
1300,"643882,63710"
1301,"643882,56292"
1302,"643882,51052"
1303,"643882,59429"
1304,"643882,59860"
1305,"10521,9732"
1306,"10521,9738"
1307,"10521,10009"
1308,"10521,10030"
1309,"10521,10073"
1310,"768334,22804"
1311,"768334,15641"
1312,"768334,13022"
1313,"768334,26466"
1314,"768334,27259"
1315,"4248,12700"
1316,"4248,13805"
1317,"4248,14174"
1318,"4248,11822"
1319,"4248,11845"
1320,"23631,69"
1321,"23631,79"
1322,"23631,95"
1323,"23631,744"
1324,"23631,745"
1325,"624963,13932"
1326,"624963,13078"
1327,"624963,13377"
1328,"624963,15138"
1329,"624963,11675"
1330,"82702,70435"
1331,"82702,71668"
1332,"82702,71670"
1333,"82702,64639"
1334,"82702,64682"
1335,"76489,12556"
1336,"76489,13805"
1337,"76489,13836"
1338,"76489,14123"
1339,"76489,14160"
1340,"638134,67308"
1341,"638134,68449"
1342,"638134,70160"
1343,"638134,69735"
1344,"638134,70868"
1345,"536728,204"
1346,"536728,207"
1347,"536728,227"
1348,"536728,229"
1349,"536728,232"
1350,"19994,1636"
1351,"19994,1646"
1352,"19994,3050"
1353,"19994,3134"
1354,"19994,1487"
1355,"20352,361292"
1356,"20352,360404"
1357,"20352,449406"
1358,"20352,377897"
1359,"20352,378236"
1360,"646380,88005"
1361,"646380,109414"
1362,"646380,107985"
1363,"646380,18"
1364,"646380,95"
1365,"13688,22824"
1366,"13688,13688"
1367,"13688,10200"
1368,"13688,9966"
1369,"13688,12536"
1370,"302699,1807"
1371,"302699,1656"
1372,"302699,1669"
1373,"302699,1428"
1374,"302699,1265"
1375,"71552,12556"
1376,"71552,12594"
1377,"71552,13805"
1378,"71552,13836"
1379,"71552,14123"
1380,"346910,217"
1381,"346910,254"
1382,"346910,106"
1383,"346910,163"
1384,"346910,165"
1385,"140300,9806"
1386,"140300,9820"
1387,"140300,9823"
1388,"140300,9836"
1389,"140300,9837"
1390,"20453,14"
1391,"20453,70"
1392,"20453,88"
1393,"20453,747"
1394,"20453,756"
1395,"766680,103"
1396,"766680,185"
1397,"766680,4507"
1398,"766680,4995"
1399,"766680,884"
1400,"509967,15357"
1401,"509967,27576"
1402,"509967,18316"
1403,"509967,15092"
1404,"509967,11835"
1405,"381289,2133"
1406,"381289,2135"
1407,"381289,2636"
1408,"381289,2501"
1409,"381289,2502"
1410,"16290,51052"
1411,"16290,49012"
1412,"16290,49013"
1413,"16290,47931"
1414,"16290,45657"
1415,"139038,870606"
1416,"139038,71668"
1417,"139038,64688"
1418,"139038,75674"
1419,"139038,74306"
1420,"80321,15969"
1421,"80321,14813"
1422,"80321,14836"
1423,"80321,20453"
1424,"80321,28178"
1425,"15373,12"
1426,"15373,35"
1427,"15373,81"
1428,"15373,95"
1429,"15373,747"
1430,"16985,58651"
1431,"16985,63710"
1432,"16985,64807"
1433,"16985,63404"
1434,"16985,63492"
1435,"338967,3177"
1436,"338967,2024"
1437,"338967,2043"
1438,"338967,2080"
1439,"338967,4226"
1440,"385103,12"
1441,"385103,13"
1442,"385103,82"
1443,"385103,747"
1444,"385103,756"
1445,"825597,13934"
1446,"825597,24480"
1447,"825597,10258"
1448,"825597,13394"
1449,"825597,73881"
1450,"664168,70868"
1451,"664168,71689"
1452,"664168,70584"
1453,"664168,70587"
1454,"664168,71618"
1455,"13053,254"
1456,"13053,12"
1457,"13053,35"
1458,"13053,81"
1459,"13053,95"
1460,"256591,1813"
1461,"256591,1491"
1462,"256591,3132"
1463,"256591,1911"
1464,"256591,2652"
1465,"15165,2976"
1466,"15165,3933"
1467,"15165,4688"
1468,"15165,6282"
1469,"15165,621"
1470,"17610,1858"
1471,"17610,1487"
1472,"17610,924"
1473,"17610,1991"
1474,"17610,2080"
1475,"23023,14836"
1476,"23023,22824"
1477,"23023,22881"
1478,"23023,23172"
1479,"23023,23988"
1480,"10527,392536"
1481,"10527,394117"
1482,"10527,397422"
1483,"10527,412519"
1484,"10527,401478"
1485,"583083,239"
1486,"583083,251"
1487,"583083,252"
1488,"583083,289"
1489,"583083,290"
1490,"508947,3177"
1491,"508947,4488"
1492,"508947,7090"
1493,"508947,5458"
1494,"508947,5460"
1495,"19913,17466"
1496,"19913,14883"
1497,"19913,20453"
1498,"19913,21972"
1499,"19913,28178"
